{
  "pool": {
    "tokenA": 1059.900999901,
    "tokenB": 981.5765908733136,
    "K": 1040374.0101460398
  },
  "userBalance": {
    "tokenA": 410.0990000990001,
    "tokenB": 547.5496227189193
  }
}